Label,Text,Zipf_Law,Kolmogorov_Complexity,Syllable_Counts,Word_Lengths,Lexical_Diversity_TTR,Lexical_Diversity_Shannon,POS_Tag_Distribution,Avg_Sentence_Length,Dependency_Complexity,Punctuation_Usage,Readability_Dale_Chall,Readability_Flesch_Kincaid,Referential_Integrity,Cosine_Similarity,WordNet_Similarity,Lexical_Chains,LDA_Topic_Consistency,Style_Consistency,BLEU_Score,Jaccard_Score,ROUGE_Score,Text_Flow_Analysis
2,language semantic entropy language language semantic analysis structure AI language entropy structure analysis semantic pattern text information entropy data semantic,-0.42577578592531157,1.3733852823108328,0.8134509875418373,0.2503791219407248,-1.0024566335548222,-1.126361402904466,-1.4309669784531915,1.0748882318140651,0.41134765691037894,0.8028929913943856,-1.8451119395877051,1.5129189686729385,1.169687782558772,-0.9205100158214371,-0.9852623543088448,-1.1245350603295774,-0.6722809458378355,0.11438663300856006,-0.15717879208997432,-0.7169460631976802,0.5723660950165766,-1.2416294876955125
1,pattern learning model complexity learning language language syntax structure syntax semantic analysis,-0.7049323624167486,-0.6931015816711525,-0.08736204406365171,0.9054179509197328,-0.8552497257006743,0.1347946484861726,0.27925058920074386,-1.7618182823237172,0.4354674476935708,-1.1819348356170463,-1.6888963986563554,1.4423179739985588,1.6261569002825877,1.1769237984565049,-0.5774682388279907,-1.443797910893171,0.5881321295041086,-0.17719855407245844,-1.1389728042304643,-0.03962477835117993,-1.5145558774355277,1.394239879295811
3,language learning structure data text model AI pattern semantic complexity syntax data text information syntax model,-0.8179721467898835,0.35423149162244816,-0.5586527098088646,-0.025626138472169414,0.3149714133248144,-1.0247622229412396,1.4864478377362513,0.7598277483551144,1.680702631657318,1.492460725638871,0.18303141492670022,1.3516122928294678,-1.3799917201907872,-0.9780650431974052,-1.4389171543042607,-0.5960109043840424,-0.39221352967432493,-0.7589751269272036,1.099871752178217,-0.49933678899689743,-0.6235533077753749,0.13892616973510205
1,model entropy complexity pattern structure model semantic model text complexity structure analysis pattern syntax semantic,-1.2172684844972343,0.8481729799532384,-1.3329138865416976,1.6138154854483995,1.0754828576935622,-0.9759648439268802,-1.5991990284239188,0.8993871304292861,0.8080111609044492,0.8801912459938418,0.7920917448611006,-1.4954536950335449,-0.4547345476648513,-1.2599727304437076,1.277332784661522,0.513605209895019,-0.5838648644859877,-1.4751200989522808,-0.5403922541496502,-0.6041824371383467,0.9979194730906507,0.46372950373712474
3,syntax syntax text AI data analysis semantic model information data structure model language,1.3111635623044455,-0.3187658562320061,-1.1858593710197476,0.6527997362421523,1.0368402149295741,0.30040506036309955,0.8507387435280463,-0.21375538111043352,0.11731828865885838,-0.23293334439078442,-1.828127590588722,-1.3817940580749921,-1.5755601602208944,0.571729214586153,-0.5451133610038361,0.08636638394501725,1.3289195629517885,-0.8349933014947682,-0.22548815949476314,0.8250917469501818,-0.811970961293636,-1.455675898305382
3,analysis semantic text structure text complexity language information semantic data model model pattern structure text structure information entropy,-0.7130405301840712,-1.418554610593628,1.4588972198876649,0.9859974496163025,0.6073053333002597,1.3923818136539474,0.9554163569101485,-1.2769264495925825,1.5046202441541332,0.1798781480689546,0.9191584158002021,1.2650315470802438,-0.5934075220958724,-1.28044230015944,-0.8321256999876616,-0.21699710219863472,1.031880401549835,1.2723124730565756,-1.503569044142227,0.012085315048333779,-0.13033536058204184,-0.9587611168419181
2,data AI semantic pattern analysis entropy structure language information information complexity data entropy analysis model data data learning,-1.288616078990398,-0.7947604666653648,1.5020308003574967,-0.7170051953140721,0.22082519590157038,0.7993960186851271,-0.4530148054806678,1.4403434532208295,1.7667871172235414,-0.8818995922841698,-0.17056314714111062,-0.7337317575606619,-0.7070642948654222,-1.5378981786376575,0.4353036414190771,0.06442612809206553,-1.5106865696302443,-0.7338247230234014,1.3518200419033286,-0.8885357199600848,-1.1151924838000724,-0.043377812039709966
1,analysis model text model complexity data data structure information language text complexity syntax entropy entropy analysis language semantic syntax complexity,1.6446713928375687,-1.132695686100281,0.6180304006468493,0.8226893960789022,-0.7272343815639738,0.8881014892842322,-0.4397207216058831,0.2655669920550273,0.5329425549742207,0.1667054042484633,-1.6002331937437277,1.0608988526400238,-0.5838915421376965,-1.0113685875638216,-1.4537031890555165,0.39293004154696465,0.5660124557941363,-1.6370027322984322,0.09673260815759754,-0.9319289775632666,0.6927822204215067,-1.1222265706442325
3,semantic language information analysis entropy data text model analysis semantic model learning complexity pattern information analysis language entropy,0.6461821247060651,-0.6210533248495324,1.481855792683315,-1.3691098330589895,-0.37846825066679257,-1.2760533066108013,1.3427664880205197,1.1135191329286704,-0.8759736483513896,0.6253323356590327,0.9535233170851907,0.12029947589170643,0.13195329606682424,-0.8166578445454894,-1.2799178135116116,1.5336597979979492,1.305208572196846,0.4877948378480074,-0.45153702771846993,-0.5243899869514119,0.9847267846790004,1.352432617704874
2,AI analysis structure AI pattern AI AI AI learning analysis entropy information analysis semantic data,1.3107355947575432,0.769236114088607,0.5197497483032661,-1.5565808121782676,-0.9835392377404865,1.4877627407237493,0.32410636269361864,-1.8907356114425882,-1.4629284742126147,0.6383210710769904,-1.8996448397358425,-1.2040966474630705,0.19735562537100376,0.7669713233676135,0.5761081485547354,-0.97235673518914,0.6808284550498243,-0.8764996639541578,-0.49471757194468163,0.795003895112355,0.7089007883212587,1.1884690846534076
1,information semantic syntax model language information text information semantic pattern complexity language text learning data entropy model information text,0.5332772546812571,0.021057001018106276,-1.2704790751500212,-0.5606785102333331,-0.6342846784738941,-0.8165813468069393,1.4974131027031867,-0.562225969608275,1.5026979529011046,0.5188243698496452,0.8747925150403211,-0.05621285402734289,0.2939006903335181,0.06539370533382347,-0.940699741507305,0.8828493524318443,-0.7501295294426626,-1.6103679151031147,0.519282044548516,-1.0959394815642856,1.7599275538802885,1.546977301911992
2,information data language syntax syntax language pattern analysis AI language semantic entropy text information,1.4048475871839403,-0.6796744883822176,-1.5258390323379853,1.408126669015216,-0.08470350611047947,1.727505767521108,1.46735695362775,1.0293241673239364,-0.7390266082031957,-0.3896496774672698,1.0726668555240355,-0.6798560020774069,-1.1023862024219842,0.29159732454124754,1.5199437514728527,0.7844540531159906,0.20942899537553306,-1.3592560753443557,0.4227677889992796,1.6038876021939414,-1.1325786349381568,0.05549603962405859
1,data model AI text data semantic entropy pattern semantic semantic pattern information model entropy AI semantic,1.2778266717982485,0.6309395237303822,0.6992571372071352,0.6150087551899098,-0.31633907746580653,-0.6419606173677052,0.9736252254182609,0.8808799619490596,1.4090139192601083,1.5604490822052894,-0.1210504697054683,-0.059976566827665556,1.0526569777058614,0.6194218867875932,0.742181897422466,1.1559656482772123,1.2706700435280383,-0.5292810567333394,-0.3357355123874756,-1.3720144036612059,0.45103615566588584,-1.5961878732629462
3,semantic AI structure analysis syntax model complexity language model structure,-0.11727082405505511,-0.06970030282617061,-0.6408250069340403,0.22289737921687738,-1.4257097354475945,-1.5440466789040488,1.0160002048994807,-0.676102762379264,-1.366938436761648,0.11674237909489803,0.7876062936672632,-1.0193595538610543,0.45150677555106267,-1.3673733507436623,-1.4174813274905613,0.17121255776771296,0.11182405898168131,0.5027127039726329,0.7746855811278905,1.5567227739526543,0.22704486350147968,-0.6134574856948011
2,data text complexity analysis structure AI language pattern analysis learning entropy pattern learning entropy language pattern information complexity complexity AI,0.9993768107393523,-1.0309296212795556,-0.14318397763944568,-1.5765412364574967,-1.4430740802307482,1.7134015293968554,1.0588237733651478,0.4858949483980207,-0.30949590161998636,-1.1717062453823648,-1.3678539228336362,-0.9037687097239634,0.19904481673634913,0.8468515519233317,0.6034611325480435,-0.7650647926224672,1.4858076692951847,0.84896955857706,0.2306167089060871,0.3474234392263437,-0.12242423027311676,-0.8710279080517079
2,complexity complexity language model entropy complexity data data text model syntax pattern structure complexity pattern AI syntax learning pattern,-0.4886824362510767,0.6913318666788612,-1.5293098417382727,-1.4444350621503372,-1.3734350408036644,-1.5321454890986472,1.1211743268644847,0.5124846581640743,-0.06483755019964024,-1.4503330800470664,-0.19035091133985335,-0.154151872495396,-1.0896742275668991,-0.1410427431963566,-0.2656467819684023,0.4858691496298024,0.4251389353075783,-1.538033190545769,-0.338809572399027,0.394380365712238,0.1794706245666993,1.2133491856155842
3,entropy data semantic model entropy model learning pattern syntax analysis entropy data,0.5369388089768706,-1.4124963132936394,-1.3459136423084834,0.40406455503775784,-1.439160600826385,0.3866497341095684,1.3924941062955125,0.06889789534056229,-0.38745772317048904,0.5636851614444142,-0.3075570445018838,0.08811571584349155,1.543330547787102,-0.3090638943126704,1.603090158454221,1.5639536703440742,-1.0320086042171264,-1.4551203864648543,-1.2063258632993654,-1.6236177328109158,-1.297522696935365,0.6193469274129553
1,language text entropy AI semantic structure entropy semantic analysis text,-1.4535332297035566,-0.8606767916326313,1.1819764655379388,-1.7703458877498635,1.2178629308662312,-0.6832800668967396,-1.2386667778616376,0.4885352114094661,0.5157361864097805,1.4283783989868968,0.6649214583409915,0.9540400006257777,-0.7166808013258176,-1.0433160222131737,0.9037464422866788,1.1970857249482139,1.6040235555152573,-0.27209655664857385,-0.34702911777982953,0.8943749571664182,-0.40719018466809465,1.467639440106988
3,language complexity pattern model AI text analysis information AI text,1.2135889409613074,-0.4716109679816874,0.8750794203549244,0.7978362811474278,-1.1808199480187564,1.5018399201259771,0.00027307970890003575,0.9374395306186266,-0.6429925344399441,1.4950301649965905,-0.5501380249244455,-1.7077068460964198,1.4196668057287658,-1.346474212268527,-0.5286484788594867,1.730456250391985,1.4716836229849788,0.2821659580836191,0.47608568916593447,-0.19482217946195066,-0.5791876254915643,-0.5939131696058619
2,data model entropy language semantic data text structure model complexity,0.5837774355627258,0.6719823284625446,1.007979352392919,0.9210186407163243,-1.2210071374565123,0.06504051620845888,-1.4326468574846527,-0.02088724368356873,-0.18729008642946698,1.4661593544814875,-0.6846413418567846,-1.350981841667477,-1.1932111351387424,1.0119369259683981,0.46404355779437295,-1.430948202373465,-1.4024607158599363,0.7216989440534187,-1.2950782101086717,1.0453071649293024,0.9134835402216872,-1.4407169794776833
3,complexity syntax data AI semantic learning complexity syntax data syntax entropy syntax,-1.4072900755867457,1.5004303579243845,-0.3544130663191032,-0.5504013556167685,1.212235280702836,1.659187587806889,1.5389914476347133,0.6845446126321956,-0.43213611612936803,-1.503257459600287,0.8127364792812776,0.13105682612101008,-0.22937342149210954,1.5216189788934933,-1.2198234239879164,0.026985872424786467,-1.6437798209646313,-0.07894599102181404,-1.3472231319699184,-1.289532817953024,-1.2141010712979696,0.5036285433108114
2,text AI information model data learning syntax data entropy pattern text,0.8328856025672035,0.07431531413277546,1.5649184943386414,-0.5355513400226939,-0.5651250757922385,1.3823082569875267,-0.9012168046678937,1.410722677390209,-1.7979770826949126,1.769578550906908,-1.7658031655811344,1.2484152211325692,0.1252720393812986,1.8263871933756755,-1.344035679948578,0.25500005990430646,1.5336954226463078,0.10867035611330278,0.4683602132794979,0.6264846624543899,0.003850478359241576,0.4294918050844703
3,data complexity entropy structure text complexity analysis complexity language complexity model complexity entropy language,0.2849410211203967,1.1981358549396353,-1.4279310061822186,-0.8653487813024455,1.6762682436613912,1.458577009464413,-0.15846617910121807,0.22344084257987232,-0.8030514614236872,-1.1169600663080792,-0.2884266309987013,-0.5575209827443435,0.31704204679755427,-1.3941616776670172,1.6469427969034822,1.8650723615163778,0.6343329865164344,0.15346941173981568,-0.5450008047029766,1.018522743725307,0.8357438656156181,-1.1624565681907466
1,learning syntax information complexity language data model AI information analysis syntax pattern complexity semantic model information,1.3915082996306556,0.9201036848540156,1.524525368982751,0.6966102513040435,0.5399030966108325,-0.203135692494772,1.368483447207741,1.0744997627293917,-1.6739457761255312,-1.7142163797048675,-0.5948884659426698,0.9777895736764017,1.700335942217419,-1.1384044245111402,0.384047022279607,-0.3891064817081792,1.5357249432160196,1.208167889088742,1.1302569481843083,-0.12757870792551199,-0.1397008907022082,-0.7831135591712954
2,data structure pattern language data analysis pattern learning pattern analysis model pattern text semantic model analysis text syntax learning model,-1.503720318028522,1.0692859496480784,1.0775894886892639,1.6588763068782928,1.8321420081651463,0.27982645592689886,0.8444021679394761,1.3468518608565159,1.3436490571356254,-0.8982722778297837,-0.334638356214679,-1.3103747930376037,1.5864662656393362,0.46533434122461353,-0.8297755456498989,0.6938537420203217,0.3688653991205418,-0.45977410177952716,-1.1658397352027023,0.5461965756912412,0.2415271979621924,0.9251479698243005
2,structure learning information pattern analysis syntax complexity semantic pattern entropy pattern structure language complexity entropy learning syntax model AI,0.06759751112723916,1.0249367648300147,0.22551795463636798,0.11790681524951993,1.4275536770222037,-0.255097734898104,-1.1879348604750548,-1.8229584673073684,0.9891200755302151,0.4788394186708141,0.5560472785307833,-1.0289530926410668,-1.2159000276482512,-1.6165171023507354,-0.4247846017326929,0.3892982391924194,-0.38038275548134093,-0.18642673267906443,1.3388083357851113,-0.5275586285040135,0.21869355571902266,0.963957466103154
1,structure semantic information data structure semantic text text model pattern data data data semantic entropy syntax pattern,-0.3512305689880165,0.21123628118312443,1.2390710968161809,1.4825871081331392,-1.032620074113514,1.5864522961549483,-0.041771187845427035,-1.0288934442306925,-0.12124877691381913,1.8070699483274153,-0.18683005730471441,-0.6401314311461579,0.4875281366961403,-0.8226633513806867,-1.337171748317904,-1.3275824504438696,-1.2567168349290878,-1.1706437059045778,-1.0857849443042829,0.4442454038767848,-0.981530121671884,-0.5356961639350394
3,AI entropy syntax information syntax pattern complexity structure complexity data structure semantic analysis syntax analysis data semantic,1.343606007250134,-0.31258882432231333,0.6030851601696314,-1.2468979697476525,-0.8801514471294203,-1.5316532848604492,-1.0761679604271537,-0.9584851495373744,-1.1795647485252396,-1.4840504259466845,-1.4936255505693332,-0.19677578786649638,-0.9761241512943213,-0.3858899514736383,0.08277843533508335,0.76346973390619,-1.551042696057838,1.060974113754196,0.46361371651133726,-1.4126073244932906,1.5182273470215777,1.4337936712363213
1,information semantic syntax entropy semantic information entropy information pattern entropy learning data language model text model model,-1.4877883314264087,-1.009550857538137,1.0557167830799667,0.775770095416992,-0.9063454562343717,-0.9385299266246344,-0.4311142132263111,-0.24584376806461122,0.47564278866565085,-0.44940732353678786,-0.292514738426281,0.7659548629263616,-1.5575534965023823,-0.7794121382528093,0.7799850319260285,1.5261786865186542,0.01577268235322732,0.13974251966584988,-1.1860694474259184,-0.19825334214265447,0.28601323726489913,-0.8890396974674245
3,text analysis text model text data structure pattern syntax semantic text AI learning semantic syntax complexity,-0.7825225661724133,-0.654476211131712,-1.510773740579285,-0.7209517994735466,-0.8155465621629757,-0.5225988870782158,-1.2335543327274143,1.1591566894167253,0.3831288326143035,0.6959240752198197,0.8549786342033036,-0.07029957707518289,-1.3853800406042427,0.2222947456351668,0.3598375272091386,0.9684530459262213,-0.2496432345622472,-1.254470168644355,-0.6265829980622483,-0.4783179472895326,0.6954726218693834,0.23507908659847399
1,analysis semantic syntax data information entropy information text pattern syntax semantic syntax data complexity analysis data,-0.4882621630910526,1.499990682001023,0.4013815487873134,-1.0189485364900341,-1.1853431904441323,-1.1373992708626741,-0.8296437535203574,-1.3665156868188093,-1.1437159973430513,-0.7588961373180767,-1.3083548143333374,1.2672953009656063,-1.4082962809264234,0.177974414898544,-0.22615193144269483,1.8508017236792833,-1.3098111553684186,-0.3229736593389075,1.5457178886273353,1.1902613718045498,1.3140160176969808,-0.8361997571049018
1,analysis AI structure language information AI text model learning semantic text semantic syntax entropy language AI analysis complexity learning,-1.1157523496861756,0.3758773881489375,1.4578470812249156,0.10324417565828889,0.39894334993448244,-0.6898832578503895,0.846020164750397,-1.2752872201252083,-0.6293769477881943,-0.24070423165577637,-0.1341612767474832,-0.9300729815048824,-1.2897039763339433,0.4809770225138436,-0.6305501265865711,0.35697637476979477,-1.169424888789579,-0.035935869639906,0.16166573825862493,-1.512024680369192,-0.4223660685143529,-1.2590205024737036
2,AI complexity AI AI entropy syntax structure entropy information language complexity information entropy text structure complexity semantic semantic model learning,-1.4800060392951864,1.5121734206717876,-0.5239071045782075,0.9921576312034074,-0.6698992026555723,0.723649763977591,0.8163657138363937,0.1386784867626842,-0.07458188983243973,-0.29090393938988296,-0.691831681329814,1.3773179677945961,1.1634391650788172,1.728078232996317,-1.1763178495239983,0.9141877021548492,1.430995539791281,-1.069557368668826,-1.3149314277372792,0.7771673321553693,0.43727778309328014,1.163150019259181
2,AI learning pattern complexity text semantic language pattern structure language semantic syntax structure language complexity semantic learning text text,-1.2211709568100804,0.8236671026867362,-0.9180447788230134,-1.2773251959617384,-0.9746468841242356,1.1921194880061632,0.5122039081650738,-0.11246551115117967,-0.49751663401794893,1.4273760212611435,-0.5387436686031536,0.9980927935082881,-0.1782636605678062,-0.3412901680544846,-0.052514901451418045,-0.6852085699372052,0.7983487670733149,0.03844001096066526,-0.7899368002748741,1.303401158726848,-0.2514738624471275,0.14185975885722218
3,pattern AI text information information text data information model model analysis pattern structure data semantic information syntax structure,1.3764144714172317,0.21884405997505021,-1.194661712172672,1.4485616440377505,0.5880991903728979,-0.49651866936814343,-1.1711094319453539,0.8252058318786406,0.4824624610452187,0.15816276601328313,1.222870895030959,0.9040595193716808,-1.1634519214634198,-0.5707972499739244,-0.7638638483591639,0.9628925175747686,-1.5702137291504252,0.26993717140066403,0.8898984461423447,1.2276514793289424,-0.4025708151476587,1.0927137453868963
1,syntax syntax language data entropy information structure text AI syntax model model syntax learning data,-1.319899699743791,1.0046761600971152,-1.160086352879721,-0.45682511893195854,1.159954484704776,-1.147755340903032,-0.8831152286229544,0.5768326834349357,0.8574493059835777,0.5557813273857942,0.5204553409367688,0.07840303301913819,-0.8203045059665504,-0.4512484272099502,-0.9860170760480498,1.57549760408371,0.2536461037168777,-0.312648654481066,-0.061945321064947746,1.4618444843279756,-1.0846310825897134,0.28798478082673096
3,analysis analysis model entropy text analysis entropy information pattern information AI learning text entropy,0.019234288149518244,0.17363594540327562,-1.5171758918927274,1.2107742242419521,1.6145828261961679,0.31397976228056584,0.6128765419545793,1.2697979221171312,0.8094414680405457,-1.2483424096999147,0.10710852370114969,0.29328757235989894,-0.2296864565639718,0.9237322783940587,1.5140064204770007,1.639243938955802,-0.18602457990267907,-1.303900369903295,1.59441293663037,1.1018913504253023,-1.1883104208446957,1.4336891785597372
1,structure information analysis text semantic learning pattern entropy entropy language model language analysis semantic model entropy information semantic complexity analysis,1.2524955131598297,-0.1538891836023303,0.35404519633074333,-0.450800684425687,-1.3438993484615391,-0.4954920190058208,0.9527961970927429,-1.9065331469825564,-0.5925401402166448,-0.3413868374613223,-0.029524026833579364,1.3448336423774305,-0.4962715219911108,-0.4468245115117886,0.8601951616512262,-0.12348823999385858,-0.9364348406789371,-0.1348516632255462,-1.0793543256426505,-1.0983429038014108,0.16223759975872856,-0.2848617931691898
1,complexity syntax learning text learning pattern language AI AI learning complexity structure semantic language,1.4047849457735293,-0.7071337027563931,0.31915491009976327,0.3684008035987454,-1.4844027763402456,0.6604041316907665,-1.0470389620766436,1.403274793495316,-1.285903621607145,-0.28062729961894006,-1.6175880634146536,1.6034671480906837,0.03785707189399468,0.4273674004260218,-1.3663537743654048,0.9852889936992729,-0.9851915534605458,1.4009476184340555,-0.8757050517296239,-1.050849412512495,-1.5067456214116624,-0.10290646577438445
2,structure information information model AI complexity information syntax text language,0.2189657209288576,-1.7563227292104062,0.9555760207963933,-0.2601508636440341,0.23970743459201121,-0.12385678490898554,-0.33416282381633466,0.01410398819438748,-1.261229857032564,-1.1398270221187559,1.1100772433163268,1.43301588450726,-0.40386233268000643,-0.7149901622864878,0.5496664780650277,-0.28541946983747624,-1.5972339228600057,-1.155996527047641,0.7426279525306,0.5041877380347873,-1.5409106430109334,-0.9592255744907164
1,pattern model syntax complexity language entropy analysis text structure structure semantic text data learning structure information analysis AI complexity language,-0.9118375567413897,0.3873689080979148,-1.5119511926999936,-1.486452158897132,1.1687916574310113,-1.0469753650777374,0.47235199306181347,-1.0983177524860803,-1.4705440283518714,-0.9136912857051581,0.6199398577174474,1.1293831172317985,1.1620698432555956,-0.2700720043747861,0.6296571862665936,-1.0441730946440486,-0.7090809669831669,1.3950249548197569,-1.4844031180233221,-1.400155041159428,-0.8875453641153407,-1.628407748411844
2,structure entropy language entropy analysis model text pattern information AI learning entropy data,-1.080016149115255,0.07315819907990764,-0.20046950441867706,1.2829369429829671,1.2278950183822879,-0.472186431237357,-0.7865444626345179,-0.6086158133142593,0.37075911977315934,-0.8217828411983272,0.2752454511331546,-0.3692698495145634,0.20871134118430537,-0.13303780387932462,-0.6111708122327411,1.724465686376884,0.8514081838173171,-1.2112759604206582,1.2257390658032783,-0.06534869537409138,1.5940247026660748,1.0194335951341724
2,pattern data syntax structure pattern complexity text analysis pattern data syntax,-0.2540939107464652,-1.9092330280153986,-0.6991455221901257,0.05011311308243227,0.607556426619979,-0.7676543597388873,-1.170840571074901,0.9667600250771384,1.8491448801233026,0.12946969166150762,-1.314307023370648,-0.8296749475473477,-1.6202459768735096,1.5495741302035109,-1.1980582490650673,0.33939284588966184,-0.7724099995532046,0.2157872824817054,0.538125780314171,1.0714828532318554,-0.8928397271203192,-1.6816039598964452
1,AI syntax structure syntax data information information learning text entropy analysis,-1.2309512794799105,1.1941066251812862,1.2767014038285238,0.2460054107117097,0.4964093863374712,0.6656823108176171,-1.05556775232182,1.24181090238863,-0.27266792747218654,-0.39688377022386917,-0.09443797135738433,-1.5863856517173982,-1.1133854410786188,0.9293250557902197,-1.3141387785297438,0.4385825202024853,-0.8676269343318991,-0.352475416478167,-0.6110031616293616,-0.5029255524768423,0.9597552726878871,-0.7019151339491104
1,language AI information learning entropy language complexity syntax structure complexity complexity pattern entropy AI semantic information pattern,0.2242628964817929,-0.3052021880443025,0.5903966072078665,1.4380174402548533,0.9417049988984919,-0.9188470470473326,-1.5170665539132713,-1.0149832009597428,0.3887011947723033,-1.6216898724591957,-0.17366257396995963,0.2601361016105709,-0.5377480723025966,1.0450195575655754,-1.2350979324301394,-1.5277145573973239,0.7339313931634163,0.013525203044411993,0.6552858942068899,-0.24004888365423382,-0.7483516280819941,1.085335116685328
3,model structure structure information language learning learning pattern data learning pattern learning complexity syntax,1.0137070179281182,0.4680113384770539,-0.6878242164914882,0.22078110423030667,-0.31133919877945365,-1.3531204636114946,1.319145399411685,-1.449094034567493,1.7209848549473745,-0.1647546370245758,-1.2670435818786387,0.07563768086421034,1.3085010724585953,0.9088850618600453,1.0895501214152088,0.6457503427365414,0.6148121988984356,1.2325576425029168,-0.7346378414303838,-0.05872729549966095,-0.839396158237093,1.6625003812437826
3,AI language entropy language semantic data syntax AI data information AI analysis structure information information AI entropy language,1.5037603321799942,-1.8492650129777697,0.7272012400822635,1.3973441416487795,-0.9196504297111954,0.3238793571212116,1.3133032855547162,-1.8050905724736124,0.7726105432196737,-0.7136504300496499,1.3300318846218355,1.516775345856571,1.5529325178066111,0.0009866902035846345,1.2738098432405793,1.3375330961771241,-0.6229968354419148,1.162662558742291,-1.4083523029065528,0.29611029369681335,-0.8075956652786,-1.3064350388132249
3,information pattern language complexity structure entropy model analysis analysis language complexity data information language,-1.434002872979345,0.4736423191311065,-0.46670564851416385,0.6932642933476166,-1.3081735838355495,-0.5655727412933919,0.10986059588012537,0.8137789925877786,-0.6478582440053774,0.4994495825856153,1.1950656134090156,0.32400761785338034,-0.8848718728560152,-1.5818350034485233,1.3005653799324486,-1.7283174855457315,1.2199084316382292,0.12879531090621965,1.4494011104763573,0.968667818683197,1.967640694199087,-0.5184237954324515
2,information semantic analysis entropy syntax complexity entropy analysis text data analysis data,0.9045196600617915,-0.5673161675408501,-0.009643431299195461,0.3516880804457879,1.4175168372135325,1.7888619885958015,0.8421168846732893,-0.4768573233798346,-0.2629654633585586,0.9118538125143588,-1.0785882831862563,-1.3731212327737603,-0.46790730406287306,-0.656949287730099,-0.6050521440209847,-0.9375808788494138,-1.5418180735752745,-1.6325702033729417,1.6035406356590558,-0.26347626953209063,-0.24990025949828962,0.6078441041018855
2,entropy syntax text complexity analysis syntax entropy learning structure complexity information,-0.9552749080067586,1.370721962194714,0.9908917393721917,-1.538069227292619,-0.12045850820107652,1.4193402181177854,1.4069028255117326,-0.30509358138875875,0.4574741615525865,-1.1948218629338352,1.5646073729707666,-0.9661319767668687,1.5476727146034852,0.618305422818895,0.42923419795778267,0.10170092453502128,-0.9163175339225921,-1.0857731418347447,-0.8270866608633561,-1.0649620880543489,1.1785380657268152,-0.5204321514196715
2,information information learning semantic text complexity data complexity entropy text syntax text,-1.4987494996096173,1.4384132095277413,1.3090083928363536,1.4061379278220434,1.82631170141321,-1.0633432650134802,-0.3486331914955678,0.701363918175985,0.7673601412072745,-1.2433323677883672,0.9486434139250312,-0.9904145724585763,-0.9162030221751299,0.22182984022210928,0.3800923189417828,0.35268633787839904,-1.3779814697101884,1.329972929090985,-0.6841646793872701,-1.2540075009384253,1.573048859806038,1.5528765467938443
2,semantic pattern syntax text pattern syntax complexity information AI analysis structure data data information analysis,1.2261749376128928,0.8740560086074345,0.562877722979571,0.08250431503665549,-1.2352349335877546,-0.23760001144087858,-0.4240202006291563,-1.0236700972439934,0.8701418723254783,0.019383718862824858,-1.6327063447637222,-1.0047110929404157,0.6584020741824753,-1.3998051146580708,1.2378232574078867,0.036375515605804244,-0.08735437809122801,0.34754519418305413,1.0870205012270722,-0.5290406785475685,0.8114761819053682,0.2178005256761271
2,AI model data complexity language semantic entropy structure text language learning pattern analysis complexity structure data information,-0.7900268727326394,1.1184684129648002,1.027068067692257,0.4603699863668302,1.339638262285707,1.3777143611393483,0.6503632892371555,0.9739686793524899,0.7728025851255721,0.6997584265850588,0.2557917828551398,0.7835702639465633,-1.1397005258520012,1.4319461662267294,1.3063595530155356,-1.6986083168028587,1.0577592488334349,-1.2500257188088129,-0.46392699309709085,0.7850967007514834,-1.0578572288427797,1.0814478961966922
2,AI AI structure data complexity semantic information language structure data information pattern data AI syntax learning text model,1.1245569020264197,-0.19409886073483537,-1.5554524272903008,-0.8440139230878841,0.5517447670603606,1.7786622980820908,0.40535368979633757,-1.0234977709030295,0.5347281103444508,0.182252850837965,0.8222163959847958,-1.3848525430130767,0.9249338871701005,0.23693325144828212,1.6090729242596828,-0.5344099957496165,0.4169402212821993,1.5180374579991502,-1.2008397013034164,1.428451790047861,0.8471442211716622,-1.486980820716479
1,text pattern model model structure text pattern information structure entropy structure information pattern data information learning analysis language,-0.6750537894465041,0.5156661168968119,-1.3564199710017952,0.1924741142754618,-0.3622261230706198,0.5103571751807563,-1.4704683097012825,1.0934390953524045,1.808206945072665,1.7658825939803482,0.7161446265312131,-1.3072624554560743,0.9154586343095161,-1.5811800244322065,-1.5156470189086526,-0.6024165079095115,-0.060630939244721585,0.9610161226610756,0.6391067018093264,-0.20326700399284336,-0.6499634201072579,1.6948792051283768
3,complexity learning complexity pattern information learning complexity syntax language text text learning pattern AI syntax,-0.2508150034196963,-0.39242103215902663,-1.0421153644822834,0.9392505647637999,0.8105667756594813,-0.8983256768347674,-1.353198889199716,0.43234318191545096,0.6116489400120023,-0.8025977065598439,1.4230133058318073,-1.2368383073729619,-0.201569113281107,1.6527363743507302,-0.19516442419682034,0.5703127991336882,-0.36263586529824604,-0.749096947446809,1.5916771810813948,-0.32471358279828294,1.5923875036551314,-0.9318938596553428
3,entropy analysis pattern semantic AI structure information data learning syntax structure learning structure structure pattern semantic,-0.9727203880440543,-1.8785911740884067,0.5512058606334207,-0.5578319372709336,1.3860932488051627,-0.009629057041686798,1.481995064799362,-1.2805411494022734,1.4148315074976012,1.05590997395225,0.7908674366288436,1.0927357590791522,0.9249204814035566,0.5358719153777649,-1.1532439824245648,-1.6863978820060268,1.372973308551729,0.4310964186410869,0.9978604925110341,-0.0849722865785649,-1.2148891192981282,-1.2906200034770712
3,pattern language language structure AI syntax AI text language data learning text model syntax data text analysis entropy model data,0.6279802139999116,-0.4669717182520091,-0.9216444316569533,-0.12562337000328724,-1.312042675713461,0.37325741355241904,-0.7559141345062076,0.8374351288137128,-0.6793330802473122,-0.13073175034456297,-1.8766028401597759,-1.5008190885731607,-0.338113754543106,0.02113070757974197,0.40360775668825,-0.7213878098888449,0.6237856342452587,1.2702163762012284,0.9449977856385063,-1.5525571699390206,0.0976896365468085,-1.3599747853801367
1,complexity learning data syntax information language semantic entropy pattern pattern text syntax analysis language text entropy language,-0.8746703575687166,1.5005117466658695,-1.1110931675882367,-0.10000863582328864,0.5558883842401258,0.7974457453456669,0.1743777719209709,-1.8887499591380987,-0.6189407644512491,0.10000997330077842,-1.608746287404413,-0.5666727038296677,-1.5694805385584218,-1.3911922683275684,-0.27089896568377186,-1.3132972722291836,0.2010691963400453,0.6820501592996274,1.0106891392701853,-1.019423873353144,-1.0335618398831081,-1.3612154231136004
3,pattern pattern structure syntax complexity language entropy AI data analysis data entropy AI syntax data,0.46151027513005466,0.5096671516521799,-1.4731807223816462,1.4358488394845323,-1.3533085392309965,0.2300639730351848,0.6525958940042,1.0914745987958736,0.8351309885497857,1.1487037766348531,-0.7249179308903055,0.9921344941957947,-1.4087037746999775,1.4810195516960214,0.22948845858768105,1.2360494908886048,-0.18111908875111818,0.5239009089227916,0.14206585970119404,0.7455139556531212,-1.343828041570637,-1.5126092130303148
2,pattern language AI AI complexity language entropy analysis text text complexity pattern analysis structure,-0.8575330700954263,-1.4244837147751666,1.2698242462601044,-1.082208486515859,1.7620993939948852,-0.48951240405813395,-1.0339739870962985,0.8102331076104384,0.6273911942730908,0.027949948669268625,0.03359843446756771,0.6710252153492011,-0.90031057751383,1.8382425887671046,1.6482657726998868,0.6142543940298986,-1.0195656500270234,0.6502160301602058,-1.296866871605811,-1.5823348013092753,-0.7075832866718496,-0.13524247695213676
1,data pattern syntax structure complexity entropy pattern entropy information entropy text complexity,1.246993872566533,0.5828464822067582,0.8484245041565994,-0.3577670883597258,-0.3620509941419138,-0.3693147025025739,1.5442677534082971,-1.7837624315254017,1.4088607849498196,0.32511075567494074,-0.3765446396534471,0.6913612550620335,-0.015354155024889097,1.4057395279441294,1.4022010265326894,-0.23705748686185404,-0.7632134824676603,0.3473471734027435,1.364800917313996,-0.984513151187915,0.6125303068667649,0.4431950455977833
1,analysis complexity text text model language syntax information pattern structure structure AI syntax entropy language,0.7890723580734587,-1.5234207370028154,0.7606638883975452,1.3403951807589793,-0.9226590865456296,-0.8392751146388575,1.4922425445446819,-1.2962817047535293,1.3614212559642063,0.00609901946519647,-1.048889133171675,1.179933508976645,-0.15711653658159425,0.14386265052343278,-0.3960709843099515,0.40059358164220843,-1.1390377242592489,-0.3463202824352697,1.545533791421354,-0.8268586507893527,0.7345733751929515,-0.6058097176255027
3,model syntax analysis structure syntax entropy semantic syntax structure entropy complexity complexity analysis syntax language data language text syntax,0.9258127421428707,-1.5258750645103047,1.5898886544985096,-0.25839241026377285,-0.7325860818499025,-1.4167884614282067,-1.0735343138969071,-0.12385584774588224,-0.5793958226044303,1.2489711303315698,-0.4036931925321511,-0.9089019322183619,0.4318157299800228,0.8193387739270894,-1.0343583996917842,-1.1833186481529376,-1.5598018271235705,0.8438174204810562,0.577359105999268,-0.10785924052805368,1.4119479475133991,1.0393436762458474
2,learning model AI semantic analysis semantic information semantic analysis language analysis complexity AI semantic data analysis information complexity AI,0.2884647280282669,1.0818361902888072,-0.9042876297557156,-1.4590202373574277,-0.6189511878943889,-1.4745582201751826,0.08322536644316054,1.318613596707226,-1.6959847210096644,-1.3606980147420298,-0.3288246195726874,1.3919116883336657,-0.5997388622828086,0.11718088389649382,-1.451053888017278,-1.2551014968620593,1.5911702841231086,1.6320832859608663,-1.50994359458428,1.4768836913595416,0.6709075703969146,1.2524799617424869
3,syntax text language pattern information data learning model language structure structure pattern text structure learning analysis information,-0.15405837388776014,-0.1653541980029447,0.01964419454576122,0.4899139396738515,-1.0576481217004596,-1.5700083864927403,-0.6312910913645857,0.5160244721507014,-1.0863731337823725,0.6749887584783305,1.4899317533428804,-1.4287757614735384,0.6218794243204228,-0.10621125481711001,1.294067247243552,-1.1478273041375737,0.6159711028902722,1.1943694743983209,1.4669726557039937,0.584969309935701,0.1579261370123631,0.3962421001216846
1,syntax pattern semantic semantic entropy information entropy learning information text language,1.2491367172072527,0.029194696516420208,-1.4770953933636417,1.4173635470460937,0.7965543463199222,0.7060851891364417,-0.926568314595525,0.3575473140910484,-0.36609643742835657,0.593020150366676,-1.5429588786991835,0.4649862509606227,1.7419341344670507,-1.4980469889676407,1.6561733894798907,-0.2922201794684489,1.206812348033476,1.0022982045063358,0.2707309661971488,0.7682953390946237,1.536069145024816,-0.3354857499944546
3,learning entropy complexity pattern information language language information semantic text language AI complexity analysis pattern text,-0.5867297741084005,0.37216478479226395,1.0610861359574806,0.8250266627327715,1.1617021562611094,-0.14209057695158978,1.000744704597658,-1.5065723950179861,0.19893099339667206,-1.7903099016573796,-0.7771373137427553,-0.5134990915771911,-0.32550455518248905,0.7795406529817254,-0.29868056349485655,-0.136612612469246,-0.8935157131310278,-0.40777001713398825,-0.8055965880030471,-1.4410458577389098,0.5419934487837262,0.5686926786249401
1,complexity text data AI learning learning language analysis model information syntax learning analysis language entropy entropy information analysis semantic structure,0.40411773329810596,-0.3496061245856733,-0.3364082149798018,1.179903330574329,0.22180701066742245,0.011394806875620968,-1.5348016932768316,-0.741655423584679,-0.41737116143553155,-0.33897170506491126,0.12075327665902232,0.04777112051509605,0.4001485971583749,1.0238046720928018,1.110886841889243,0.8667282429158525,1.4879916044816024,-1.6313341329234388,-0.9053630557017665,-1.6590166693538333,0.7011012362123187,1.355583667255018
1,structure AI complexity syntax entropy model pattern learning learning AI data analysis text language structure AI semantic entropy text learning,-0.8698008378973838,1.2896448697937108,-1.3795446354618015,1.4296108572949613,-0.34287185703190354,-1.3184838836692387,-0.06175788603724002,-1.0339729190215574,-0.7749483220024296,-0.6769447358392403,0.9036508693859389,0.06643769134922768,-0.6163554072611662,0.4799697223161543,0.7892877315464195,-0.7922864546212908,-0.30971480022544756,-1.2740951077621547,-0.9517070150070606,0.577894888817286,-0.9831265319003654,0.0788945872647989
1,learning learning complexity structure data model semantic AI language information text structure text entropy analysis,0.7075339616445959,-1.6107364216664926,0.2758121297108873,-0.9510416265073584,1.7184706500901177,0.02675711999947586,0.9628434270212073,-0.018472953010755605,-1.6807210071665426,0.5262561862336729,1.424909584661191,0.27615061213492575,1.1242641809728917,1.4436839767930516,-0.8316454374208013,-1.017880005095985,0.34515827313743697,-0.2775737160158935,1.135112265237169,1.304890817309815,-0.3615900632386172,-0.9082137864244471
2,information entropy pattern information pattern AI text structure AI learning model language entropy learning AI,0.949706299852181,-1.016876847404601,1.1093006737166493,-0.363930832845382,0.7224475112057487,-1.3392033847553286,0.3798949054824437,-0.35919532876744503,0.35693029849562236,-1.1912023741392257,0.6712544537931008,1.153227418043519,-0.9404602380907128,-1.3308932136362648,-1.5106154349936063,0.58314385314985,0.3322654181083656,0.19000563175547228,-0.790778225993007,-0.38591397588449755,0.5095682401892574,-0.018334497265604353
2,model text pattern analysis syntax syntax language data AI AI data data structure structure pattern text,1.6519050155354869,-1.5061913010392014,0.693148245461269,-0.43213096755479163,-0.08465135208020022,0.850719585500027,0.5993867619765815,1.507734005827143,-1.361935137048149,-1.4271616532287459,0.6272185129079376,0.19815990137844144,-0.7436663958145451,-1.3882333745362267,-1.3046418165949327,1.5223952946326427,-1.0450237133517384,-0.5796808810572266,-0.8075393033615906,-0.5051719478124242,-1.3879403044839416,0.05799601815120707
3,text complexity model complexity information pattern text information language information text,-1.465649036618861,0.8416643856084058,-0.813297181499995,0.04441568705488813,1.4391045510010283,0.6158355659058138,0.08894899362575774,-0.8001875196389673,-0.5944054702865453,0.6604205931028447,1.57504374057328,0.47839797316094784,0.22837067574345418,0.9033450833669961,-0.04412637404936202,-1.583556769625261,0.1836749666114401,1.6062574441135171,-0.9702286087863298,0.6074092062532176,-0.9126715267493392,0.11540892173146385
3,text learning learning learning model analysis language analysis data learning semantic,-1.3671803356116783,-0.39601429613054506,0.8923571435743197,-0.6314240779278321,0.7135514788015962,1.1247922447701957,1.3507175986236495,-1.1105705390651412,-0.3456465846856935,-1.248796680453914,1.5692266100020564,1.3688281899383892,0.16727609905771212,1.2952833254787155,0.1410329075977115,0.5146760723105536,-1.3858174663586373,0.9088468702278191,-1.120993445367765,1.0592807296875433,1.1873691420635415,0.7074730216065178
3,syntax entropy model model structure semantic pattern model semantic information semantic semantic information data analysis structure structure data structure model,-1.572209308864773,-0.9167186265490376,-0.717312972817166,-0.5872969187863264,-1.2330229193245243,1.6229597793732158,0.1556652324058273,-0.8652786419430348,-0.3544034445310007,-0.1603357283450786,0.19249684140651713,-0.012415859974379889,1.467682122618526,0.08103772763981186,1.7059362167817986,1.3631373104408622,-0.989818969595175,1.5130990383266638,-1.1569413543094522,1.0306601576529546,-0.2632839599069382,1.2869115762207017
2,information structure syntax structure learning language information AI text learning pattern,1.2462626884330619,0.8613580525328414,1.0029235908133638,-0.7820597082034746,-1.255694711564713,-0.2568674073551591,-1.0614786350353038,0.4823543944248155,-0.5452725971403005,1.7907409053281704,0.3343462380178691,1.0178419847423397,-1.2290838606149526,1.3655939369435557,1.475449011842055,0.006268867674926752,0.32947553112030686,0.9417240871713731,-0.97169957297962,-0.015084967743164023,-0.19808943085955147,-1.2180720667536251
3,structure analysis information analysis syntax data information syntax pattern learning information,-0.4495111473360152,-1.7476102792337784,-1.4920319623094132,-1.3773792481896974,1.719105390699694,0.25904832186792703,1.4744054201749766,-0.4258795453739327,-0.6738781426938034,0.057290061818290404,-0.3733959922256905,-1.389271602642561,0.5129768101039996,-0.9074935723715377,0.4685931072391494,0.6137904128375082,-1.1771794769115709,-1.4827324037260077,0.9478825848772351,-0.15711195260505292,-1.4286334469032858,1.6871472355967065
2,complexity information syntax syntax complexity language pattern AI pattern complexity analysis structure,-1.4989599476958184,0.4692093123195236,1.6351306812141053,-1.0120886135556284,-1.0488871761855671,-1.2482017679864728,-0.646189555346946,-1.5728878684938863,0.7528831190607151,-1.5815686358933774,-0.12779649399572887,1.6028714342797283,1.1063789342860242,0.49716156229195557,-0.5720221246267532,0.5158310479277229,0.06673448142753877,-0.22568736120880006,-1.1114991978736426,1.260325916608169,-0.013338926567619288,-1.0528701827878415
1,text entropy text learning structure syntax pattern AI language pattern entropy semantic pattern data data,-0.44874908731357177,-0.5241765523693349,1.1253747486549073,0.7243365957781043,1.0655694777872238,-1.6366933848853211,-0.28490149798267606,-0.2568442984751932,-1.7715766884627178,-0.8522464897267548,0.753516517810453,-1.283677208590231,0.15134981980342935,-0.9104364155297076,-1.5488672595730564,-0.909302322354807,1.5554918742281703,1.0683037725835862,1.5143740676443764,-0.06394440261199413,-1.242253842773663,0.15694795699286754
1,language pattern data learning pattern pattern language pattern language analysis pattern learning language pattern complexity,-0.15528659846748577,0.9972667246304229,-1.2560888228993685,-0.1374003552428208,-1.0225876338299482,-0.5325314975880129,0.7431638648124553,-0.2752752949033276,-0.43352894820404847,-0.3550206001972309,-0.3033628809582421,0.8920354091805979,1.3740940992238873,1.6939728429231293,1.0242646932805048,-0.6329652449113266,0.6010738327353629,-0.18598488783924125,-0.7187894123907302,1.1084454245463875,-1.4999634072499328,1.3683600477224054
2,data language pattern analysis AI learning complexity learning semantic model complexity model learning syntax analysis analysis semantic analysis pattern data,-0.13123129549977033,0.2646877325364169,0.5763020395225509,1.2915272606748176,0.6183181670311675,0.485777817553717,-1.403542258660252,-0.12858271279169306,-1.2802532492385852,0.9113053741992644,-0.11796065720362284,0.5401480327963041,-1.5404527133745511,-1.3693278869490064,0.7898613317956096,-1.5390854257889908,-1.445083872715888,-1.6524407038290694,1.5046315957538794,0.7651707273842207,-0.3622043276240446,-0.7039220451905378
2,language text model syntax semantic syntax model information text pattern entropy information entropy semantic information analysis learning syntax information,-0.5099233841611083,0.7507691349732264,0.5828859535320206,-1.201679251410509,-0.9414540768969669,-1.3291337925060096,0.4965382210446684,0.7225916119665525,-0.8493219276166981,-1.7342364599863067,-1.628752567009148,1.506035550967908,-0.6707211021525527,1.0390760393781286,0.48544973806168096,-0.3852008699044022,-0.9991835755112105,-1.2758172247670152,0.4227859777361217,0.8884662063393374,0.6881978034698182,0.09648955428553647
1,text complexity complexity information entropy text analysis complexity syntax syntax language entropy structure,-1.5525898822778672,1.4362423994367737,1.031273575528404,-0.8237011810886354,1.7759418684101167,0.443349696580469,0.24726977109131926,0.6661863447543024,1.2015615670438822,0.6123889586857129,-1.467418568682931,-0.6081764445009377,1.497470362884912,-0.8773109673922616,-0.3531170008284191,-0.19849246108846366,-0.22395193193103594,0.41830748092705555,1.4620990161155938,-0.8847802033143476,-1.1997351891314754,-1.0431187678036224
2,analysis language syntax syntax entropy semantic entropy data model information complexity entropy information learning AI,1.310188349838852,0.2951335346134801,-0.6428963473264299,1.0134838835105124,1.3760167369253373,1.3045604558210364,1.324307947783948,-1.0496684336959874,0.9887624825750435,-0.1110907482488133,1.0405641057056063,0.7022179321567126,0.9777800299758656,0.6412313320737002,-0.9998625746798513,0.2221274235332928,1.584667776640629,1.5365104187867942,-1.3888179092223947,-1.1367746924026332,-1.16277398283643,0.7664860141943369
1,text text text language entropy learning language semantic learning model,1.0759428787404368,-1.2336375129383195,0.0751643025714879,1.1004258678239438,0.9424787053602253,0.23337623410603542,0.27263519155029203,-0.16335255923651068,-0.7273994574853093,0.27469729204290927,0.5026682229372591,1.1885738565948483,0.49743450993055555,1.0105677639040171,-1.0575073859617918,-0.08870831732569774,-1.6504867906695984,-0.8440001921044604,0.7758589605124642,1.609719706914468,-1.2804101862398611,-0.34454561638090536
3,learning syntax pattern language pattern information AI language entropy syntax,1.015926467682808,-1.267147211763885,0.23589357915366396,0.7224293136239207,0.5485700984030653,-1.0136014994789624,-0.4794044452572286,0.7897925651669251,0.23545825302330775,-1.7922633388042413,0.755978950511263,-1.6255225839625882,0.8725176005654716,-0.955200681778317,1.592738006044432,-0.4373319803842143,-0.5970212708260891,-1.1810335922086228,-0.5574302564292409,1.227269973624707,1.961859209866472,-0.45816960108249616
1,complexity structure text semantic entropy language entropy structure structure AI syntax information analysis structure structure semantic learning AI,-0.1748242408892213,0.5648175996881677,1.3168760143782425,0.23066254468633562,-0.20831728628956697,-0.22292467828331217,0.6095712814694512,-1.9114255400581979,0.4806490485748953,-0.4989612529481245,0.8726355942550117,-1.4318318547982527,0.3326227125770678,0.02476938269748147,0.544106896026599,-1.5660123199365774,0.24234189004752685,0.240969231887384,0.25059443932730685,0.3200809481515121,0.8058810235829266,1.0370114222378177
1,entropy text pattern language complexity AI analysis analysis complexity analysis text information structure complexity entropy,-0.7805660277666824,0.928987639255116,0.05036222924302684,-1.5814512923238235,-1.33112170752279,-0.4988678334251031,0.8953234405461669,0.5264067343206672,1.1147025654647191,0.09837577851549646,-0.37098143402921724,-1.2489453539777156,-0.5584866402563883,-0.14045257406439338,-1.294870536922882,-0.9859765358466203,0.3028481824962561,0.8412708187379039,1.6372013406401003,1.4147851406017597,0.6833585417681163,-0.276909248211311
3,learning AI entropy pattern language structure semantic language learning learning,0.46065349908847697,0.789662446014681,-1.1899665618624418,-0.41251282451980525,1.3032895418930763,-0.324273745309536,0.21350145403462237,0.11144606024911761,-1.1515589539125317,-0.4740657016971135,-0.7422685913021573,-1.6561301497890148,-1.6003643843796171,1.2589117087964763,-0.6822256184982785,0.1217739462969367,-0.6905795007191997,1.547853377010902,-0.7041336718054695,-0.25722047235842,1.515161375103852,1.1635088180593018
2,model semantic information pattern structure syntax AI semantic information learning AI model AI complexity analysis complexity analysis entropy semantic model,-1.0642077585892644,0.8497513648490728,-0.08045096104624444,-0.15591625145769877,-1.0784579359654605,-1.3917766782038337,0.7130206806895077,-0.2045310762749236,-0.20484507445054465,0.8820413472022877,0.7718654914616271,-1.2104765786507201,0.4080999377991125,-1.1914080449377482,0.9062715902182117,0.6389421849581434,1.491610156182658,-1.4565102956673568,-1.3448425301215698,-0.7469752389420942,-0.6930451434914412,-0.8736033917531223
3,data AI pattern entropy syntax information text information complexity learning model pattern text syntax entropy,1.3756774763656479,-1.1062049874439117,-0.6884621780086202,0.8148881303139763,-0.012016831522396684,1.0588216162812554,-1.4076579470041106,-0.2352952729891375,-1.7174790291577335,-1.580234193684519,1.2669417644279135,-1.2765055075677916,0.14144704681089823,-0.22111763973905965,-0.43555902839897054,1.5434075545289894,-1.6090521041416461,0.5935609899746832,1.5264689408515886,0.17621466322912335,1.7467868236282034,-1.5403235942353495
1,semantic language structure syntax analysis learning language pattern learning structure text,-0.27584555520627574,-1.068678468734499,0.8096215527074873,1.5941842621405053,-0.6635280433513644,0.6274432188170759,-0.9828281709711584,0.03379428427190065,-0.10325515155890377,1.7774303866722474,0.22036572527904508,-0.570435613059952,-1.2922436816462948,-1.1354840064336464,-0.8408211170481167,-0.8729372266193486,1.1400174837788555,0.24006694637093065,0.13252454650514797,-1.302979907645642,1.4696598488942574,0.7556470453073018
1,learning AI data learning complexity entropy complexity complexity language structure text syntax pattern complexity language structure semantic,-1.4654599914624133,0.5144743903663571,0.1981967922838901,-1.565060818387849,0.016850530064715156,0.03080786097772362,-1.0862837542699786,1.3500785421786374,1.344879387619841,0.6587050519857016,-0.2933549045153088,-0.36136533832168083,0.5477533163413215,0.25159024480285236,-1.382306260288138,0.10100878348448478,0.9933667210564441,-0.11141440109369997,-1.360993602373755,0.9271379342520919,-0.9111171944507394,-0.833741313836141
1,language entropy pattern text complexity AI model information text information,-1.1366944245794521,-0.820929985758627,0.8942773730643288,-0.028021851682245347,-0.8376898515658507,1.414805105657744,1.1983785778999674,1.0901225642032204,-0.9477924533387723,-0.14543035524360856,1.5429002868601993,0.848366918377814,-1.5901661572175243,-1.4382529088661777,-0.04835823981111669,1.5783637190858681,0.10541130761475843,0.02152512799239689,-1.1914497489678577,0.49706794183478775,1.3321980770894055,-0.4167035907177798
1,structure analysis text pattern entropy language semantic information text analysis entropy,0.9330587620203834,1.422054043208713,-0.9110610997817631,-0.014171548595685562,-0.5603169782618277,1.115654839844343,0.23181279546236283,0.27344524790295993,1.1495859577372258,-0.3495034826408097,1.2973389115842606,0.04584466811270483,-1.1419291857676375,0.7810604805485714,1.0453801397929732,-0.6279201118354939,1.1617873329235937,1.4288260189712796,-0.6483518582914535,1.582193232855507,-1.1303108408789895,-1.0275561751374656
1,pattern entropy structure pattern complexity model language language model pattern complexity syntax complexity complexity,-1.0705656233822185,1.1727860879403749,0.5597781102988277,-1.3178939711744064,-0.04376939531437423,0.4905812246185277,-1.349732436545446,1.1310884259457032,1.1709280986341153,0.05383736620181479,1.4801463704533557,-0.3412322749470626,1.6894860194119363,0.6826064246119254,0.5186863435037756,-1.1895164903930724,1.2438770466514601,-0.22084057234807636,-1.0116332937491292,-1.6422631376391492,0.38408986624158614,0.08655141919413496
3,learning AI analysis data syntax pattern data structure syntax analysis language model language syntax AI analysis text syntax analysis structure,0.742455389969503,1.1595895659136868,-1.3170606241481475,0.7168986851267701,-0.8965971407951252,1.3456181442117983,1.0046792819849895,-0.05111563791699606,0.8207107706748717,-0.6508760556725935,-0.2621858579560939,1.015008900589147,-0.10927276781546047,-0.4086624640377249,0.05220827877464445,1.2768322250958182,-0.5695687052839188,-1.0953075986872394,0.7300882288988669,1.058983769313237,-1.2751360773813178,-0.8979296834757546
1,AI text semantic information text text structure language learning language information,-1.2137186482066646,-0.7582430546064224,-0.1060329654198348,0.7777601261506142,0.6671382419877094,0.5104031156834979,-0.4890372551890493,0.98931356074908,-0.07566607381624924,1.8036447682279548,0.3103522592199417,-1.320095292154325,0.6341332507847839,-0.523708311829906,0.6902409255832497,-1.5481837264414149,-1.1013651713077772,1.2551031155351675,-0.8058819332312596,1.095724284472793,-0.6295467436804293,0.48196026627871447
2,learning data semantic structure model complexity information data AI language model model learning pattern learning complexity data syntax,0.6570672392609401,-0.1757556379416222,-0.5795481885149273,-1.1052805886718224,-1.4166419656284166,-0.6055081967102718,0.4736856572067294,1.3244935173119785,1.4245146037346756,1.0170216507318885,0.8524355471200047,0.4889614807931701,-0.791214967384232,1.5245770766426505,0.6384487251288443,0.27952726181991366,-1.3132920793141785,-0.15340737844516256,-0.06716475339471313,1.1871279042448823,0.3367202712875495,-0.41677021632659833
3,model complexity entropy structure structure language structure structure structure model structure data learning data,1.6146870896393537,-1.5971437793070098,-0.19680036418005764,-1.704487327658341,0.9664288796068887,1.5564897190421216,-0.7205661642799204,1.0477766159621649,-0.7473943265230155,1.551327484720711,0.7312861632166938,0.9588280842577788,-1.6215624431985531,1.720278534637945,0.8242267784492975,-0.672646874766154,1.06962703656385,-0.723917029314665,1.2393168108101633,-1.3102479698222407,0.9042454055403946,0.13208640839607133
3,syntax AI AI structure structure pattern semantic text structure information,-1.3676613632385728,-1.1332666092707324,-1.5358048363029408,-0.20578903219227576,-0.5126791408519361,0.4309433550501352,-0.6655130936135828,-0.8846757455151462,0.9443152051983729,-1.6338118403661828,1.2544968999591979,1.1178562479068175,0.6054375674742286,0.4197545749431629,1.3743058771268613,-1.1173639695919433,-1.4195020596470989,-0.8687069044828377,0.9916542826994716,-1.568991593739447,0.4673953594283236,1.6891030086472818
3,analysis structure learning entropy syntax text information pattern model text information learning model data learning complexity learning text semantic analysis,1.2043848797983245,-0.14466763078314082,-1.3685310580202692,1.0676611437237802,0.49122200015659434,-1.2709153343523205,-1.3164672238200248,1.2252517058998997,0.6667508977109244,1.2504607558719643,1.1704782476657998,0.1759477690255889,0.09012674776650703,-0.15309209348050754,-0.536509692290562,-0.1891115498490891,0.8854861404890914,0.3803406123622829,1.301947024247649,-0.21164499697500105,0.5551517536926196,0.44232991927268006
1,learning information entropy entropy language learning text structure entropy data model,0.30995418300808236,0.49608058064047605,-0.8011479159850525,-0.05268300629364943,-1.1771075540266487,-0.3218855758430935,-0.056011691293059426,0.33449582383471566,1.7220865857214576,0.4062530176127854,0.6948628117736407,-0.044026552695398014,0.4899380779573867,-1.418098310992735,-0.7442612406343972,-0.460002093100472,-0.11419924821827977,-1.5368450681612997,-1.0819930502087773,-0.7648184807815128,1.8722275306295717,-0.5847284788606035
1,complexity semantic model model complexity information data information language text information entropy structure AI entropy,-0.06156166030571414,-1.295218645272642,0.41772226821647646,-0.8663320344206641,-0.8305704479053135,0.14302606648237787,-1.599251256854542,-1.896040708886493,-1.0217944197908897,-1.6759841472724784,-1.537925635389757,-0.6061846311994963,1.0673614597669836,0.34525042468000794,0.1135001387439338,-0.7145869731834408,1.4091476153486389,-0.32587061912545406,-1.2496810980650344,0.3651770225457001,-1.2274287542438898,-0.5372168914418628
3,data pattern information analysis syntax information data semantic semantic text text analysis model analysis language analysis semantic entropy complexity,0.024395105832480658,1.102881995144378,0.034988354438234726,0.6142174512761883,1.8192608197758264,-1.212630778523671,-0.7375482970772402,-0.5571100539468291,-0.2611979741868191,-0.29393108794490436,1.2710645120410382,0.6536669332909171,0.4001490128705567,-0.5790642374611435,1.1467701698989752,1.7490705621577896,1.0424399891946972,-1.6887781439429652,0.4905450790292862,-1.5143100806291452,-0.7078567469742344,-1.515442156662972
1,structure language language text complexity analysis text model structure text AI AI pattern syntax analysis model data language complexity learning,0.3509432978771536,0.439343547447335,-1.202530989384676,-0.5040551653755746,0.009890191338375117,-0.37630535160217105,-1.2295123056820472,-0.47277037940712385,0.9742681876098617,-1.54938643158911,-1.6357493628771667,-0.5527556756738002,1.544224718773608,0.6849029884856402,0.6648104517261881,-0.45975296989903663,0.2877079229685312,-1.6592553845745497,0.48957780413045515,1.3489406759486033,0.5749702053204649,1.2722715798600273
2,complexity semantic learning learning syntax analysis pattern learning syntax text pattern complexity structure syntax semantic pattern,0.7581060698404524,-1.5623535911196282,1.3699522030118958,-1.6187285868280488,0.2720021521560548,-1.1751453005789463,-1.5794044994306997,-0.46208947842781334,-0.7368065735319131,-0.017079326549167623,0.11031077030704592,-1.5972217698028728,-1.2617156998826404,0.2980759812379357,-0.44942786027681747,0.9078793828555369,0.4821839536070862,1.2201803634163046,0.6682445002398536,-0.25630962500751914,0.7932274795909684,-0.7763542756639072
2,structure entropy pattern complexity structure entropy AI information analysis semantic,-0.6569281734525984,0.8014510853357482,-0.11886806929263859,0.9517909834617116,1.2446837740745273,1.3434540856343133,1.3169742574963659,-0.43111418192326717,-0.6474294210175909,0.3381202235583017,-0.6134758623760308,0.2743451377977379,0.7349219155951172,0.7546899397487927,-0.34519330623550953,-1.1861451778339247,-0.25339208508608446,-1.202725370123994,1.294260576158504,-0.535456112616316,-1.0806255927687638,-1.632120861018164
1,model pattern AI complexity language AI learning model pattern text semantic data data semantic AI language,0.4933309168369365,0.263629794197242,-0.4643250092881834,-1.6002275125756769,-0.14727257296838256,-0.5799108706950631,0.5503668490376065,0.17377028190450977,-0.4758973965443178,-1.007033059983615,1.5536021536520208,-0.21953388057000447,0.6755911918350678,-1.1731139972402367,0.02357125593104257,-1.7049783624170183,-0.004866499244673529,1.6282877220672929,-0.3084151802348466,-1.554625563960237,-1.5269615606234304,-0.39079519461933915
3,analysis complexity information text complexity information analysis analysis pattern data pattern syntax entropy,-1.1525551063532506,-1.9061111624676332,0.892521309938022,-0.24176874017302338,-0.5532127164109227,1.493145448109348,-1.245150912853166,1.3854477808296346,-0.6658108125719936,1.4687421287666498,0.20074741192996964,1.0320358365156497,1.689153045190536,-0.6528447498265274,1.6029072374247286,-0.35711391529581643,-0.4027129753329705,-0.5210372746074056,0.18960198123671337,-1.172209568970806,0.36224649239261303,0.13553208021092217
1,model entropy analysis entropy complexity learning learning model pattern learning learning complexity syntax entropy language pattern text,0.8866090318761619,0.9594023775367694,-0.13838507667817473,-0.790298340290898,-0.6540700264387166,-0.9903698686251852,-1.4323625669063105,-0.7375022335432047,-0.8298108057666448,1.7567976303206485,0.04183752499424935,-0.5779218561037721,0.30611432415405515,-1.177886481670251,-0.11440707635333931,0.5245394413074305,-0.05978630472046399,-0.30945245094732177,1.6229479852613116,1.239438311655411,0.6141181805787186,0.2302822865109531
1,syntax complexity syntax learning learning pattern learning information entropy information model analysis complexity pattern language structure,0.4080821569319088,-1.2767786118597284,-0.2862884336880862,-1.713495962242336,0.0750027044464258,0.23614813937618612,-0.8879215453665562,1.4135129501404693,1.5679995237868194,0.8548470667045757,-0.04360778960208487,1.1773117286458274,-1.2355007404795677,1.1139803511126873,-1.174578952215952,1.1500743393587172,-0.7667302163773925,1.32869676351462,1.4651601444413176,-1.1899741246825952,0.03324822419221556,1.6396260497107171
1,entropy AI data entropy entropy language learning information pattern language complexity complexity model pattern data information pattern semantic learning,-0.05693236012157377,1.0651312314341548,0.34574004387353346,-0.5339382046796205,-0.5648840786037339,-0.9600968556161386,0.8213918282027652,-0.5849175868429995,0.07433910215698426,0.00627486324780824,0.11058880257339043,1.1625630645393337,1.677932950772929,-0.23347367494613222,1.159153023909323,1.039536929044566,0.22093147692398574,1.6008184241444947,-0.8904843078956689,-1.321261178589556,1.4473339123677675,-0.21561399913516371
3,pattern data language structure analysis semantic complexity data model data model data complexity text,1.1748169153430525,1.1696051055772387,-1.372394246208581,1.2506026621069388,-0.01680778316542357,0.12141017829521021,0.3886429358311408,1.2832360402306326,-1.7718624659225555,-0.050890453427145224,0.49858162326999816,0.6827958321355454,0.6901849581031312,-1.1946416934326245,-0.5947983486618554,-0.47168622750469963,0.986844225196602,-0.7334338648008967,-0.8580739398570163,1.4956019200282558,-1.6068025653676816,1.6972635113274706
2,model semantic data learning AI learning structure data learning information structure analysis data language analysis entropy syntax,0.5983555046628225,0.9410816350827155,-0.6144521698447057,-1.80180116422653,0.959568118477783,1.261013732525365,0.7531469321341959,-1.428221152017196,0.9827079776593923,1.0275744649877423,0.39606519826262876,0.828565947974436,1.2158825682428969,0.4914774949436828,-1.2948563083592974,0.00837621488648064,-1.4238798707268119,-0.2895861866215263,-0.2358680006669968,-1.4649112066410033,-0.3782172452027838,-1.3391983577406588
1,model information entropy model semantic syntax analysis semantic model syntax data syntax analysis language pattern,1.0435869888878326,1.362683233150488,-1.3402078092830731,1.50223496938117,0.23359166584806781,-0.6209301957781838,-1.370863297207595,-0.19012438267977044,1.136836980507025,0.7992519433066846,-1.7409795411421203,-1.4992913455126915,-0.3025401672500344,-0.6286173357228485,-0.8173495848417491,-0.7610779282513495,0.9836783079168311,1.5083871548209817,-0.24221608222181196,1.325108983206829,-0.4769675688704959,-0.08794353945166497
3,complexity information complexity AI text information entropy learning structure structure entropy text,-0.9289327672613376,0.276267809192951,1.6197936710294225,0.2673580052604282,-0.32199421574424864,0.6050633423624008,-1.2234448642513591,1.1526916777158376,0.04361088235548392,-0.15240746564818097,0.14075108121192512,0.35396381396078075,-1.4372834854311816,0.7343236048184947,-0.7856418391315207,0.8511977338594255,1.0468731414283803,1.0766490473649237,0.22474607956289674,0.043378231795488914,-1.1224887074303829,0.9355149497773493
3,AI language learning text analysis data pattern learning language data learning structure entropy,-0.7751836326660758,-0.23219374432529494,-0.6482266351600973,-1.3820779691626153,0.5943362643284118,-1.4842563563552025,0.7792935400981506,-0.8235357427384936,-1.8430660137375863,0.07570493195338683,-1.7528329638051088,-0.8167053277173932,0.7396878903482902,-1.4471026856675326,1.198407020350008,-1.7932984450295881,-0.8627352204715069,0.8593335835005513,-0.5236402559603495,-1.3457433884995975,-0.33696994983290246,-0.7934326954602785
2,information information complexity text pattern data semantic syntax syntax semantic pattern structure,1.160394324451966,-0.8805784693368817,0.9993390497447402,1.2801289114858505,-0.06570788702466991,1.5278566811398324,-0.40920257622557415,1.4136844875465897,-1.5086259917959737,0.7251563747502705,-0.18262862682433692,-0.4423508813176977,0.48516686704586737,0.8090633191830388,-1.574630723639315,-1.1857992714402648,0.6837036904882625,0.6025070943659941,1.53487394930716,0.8433132062275691,1.7972021836042988,0.686229988466079
3,analysis analysis text data language syntax data model analysis model syntax,-0.6849174969409486,-1.6160834169808624,0.9761314705003757,0.4101400179410462,-1.3660726273865516,-0.4079981564176581,1.4455278605442736,-0.19089651002328742,-0.2203060068431813,-0.12157668091622707,-1.183609150393492,-0.5059581022275155,-0.41584409436547853,-1.4834684988450246,0.9600486727851533,-0.25648343474868107,1.045695928300269,1.2365291841217028,-0.8539900613309648,0.49897215852948307,0.06796445758212902,1.294384126285563
